Volume,Sec_Length,Sec_Breadth,Sec_Height,Prim_Flap,Prim_Cal,Prim_E1,Prim_E2,Headspace,Sec_Flap,Sec_E1_Th,Sec_E2_th,TopLoad
117.96875,12.5,6,9.4375,1.6,18,5029.933,1050,0.75,3,1674,1137.6,479.9175441
258.9743059,15.312,7.92,12.813,2.112,18,5029.933,1050,0.75,3.96,1674,1137.6,495.9400701
386.802,19,9.048,13.5,1.8096,18,5029.933,1050,0.75,4,1674,1137.6,567.657544
386.802,19,9.048,13.5,1.8096,18,5029.933,1050,0.75,4,2556,1527,703.0906415
386.802,19,9.048,13.5,1.8096,24,5029.933,1050,0.75,4,2556,1527,864.6202439
386.802,19,9.048,13.5,2.4128,18,5029.933,1050,0.75,4,1674,1137.6,577.342937
386.802,19,9.048,13.5,2.4128,18,5029.933,1050,0.75,4,2556,1527,692.4283502
386.802,19,9.048,13.5,2.4128,18,5029.933,1050,0.75,4.524,1674,1137.6,529.6548339
386.802,19,9.048,13.5,1.8096,18,5029.933,1050,0,4,1674,1137.6,612.2695618
386.802,19,9.048,13.5,1.8096,18,5029.933,1050,0,4,2556,1527,724.7275747
386.802,19,9.048,13.5,1.8096,24,5029.933,1050,0,4.524,2556,1527,982.3879973
258.9743059,15.312,7.92,12.813,1.584,24,3979.133,1437.867,0.75,3.96,2556,1527,921.5639904
386.802,19,9.048,13.5,1.8096,18,3979.133,1437.867,0.75,4,2556,1527,710.2703691
386.802,19,9.048,13.5,1.8096,24,3979.133,1437.867,0.75,4.524,2556,1527,871.8556798
117.96875,12.5,6,9.4375,1.2,24,3979.133,1437.867,0,3,2556,1527,863.9755097
117.96875,12.5,6,9.4375,1.6,18,3979.133,1437.867,0,3,1674,1137.6,630.9007174
117.96875,12.5,6,9.4375,1.6,18,3979.133,1437.867,0,3,2556,1527,783.0977277
117.96875,12.5,6,9.4375,1.6,24,3979.133,1437.867,0,3,1674,1137.6,791.6650033
117.96875,12.5,6,9.4375,1.6,24,3979.133,1437.867,0,3,2556,1527,911.0973092
258.9743059,15.312,7.92,12.813,1.584,24,3979.133,1437.867,0,3.96,2556,1527,945.6450079
258.9743059,15.312,7.92,12.813,2.112,18,3979.133,1437.867,0,3.96,1674,1137.6,693.0246758
258.9743059,15.312,7.92,12.813,2.112,18,3979.133,1437.867,0,3.96,2556,1527,812.6925482
258.9743059,15.312,7.92,12.813,2.112,24,3979.133,1437.867,0,3.96,1674,1137.6,855.8322757
386.802,19,9.048,13.5,1.8096,18,3979.133,1437.867,0,4.524,2556,1527,759.5231341
386.802,19,9.048,13.5,1.8096,24,3979.133,1437.867,0,4.524,1674,1137.6,835.4222968
386.802,19,9.048,13.5,1.8096,24,3979.133,1437.867,0,4.524,2556,1527,904.0055622
386.802,19,9.048,13.5,2.4128,24,3979.133,1437.867,0,4,2556,1527,921.1672815
386.802,19,9.048,13.5,2.4128,24,3979.133,1437.867,0,4.524,2556,1527,913.5499008
117.96875,12.5,8,9.4375,1.2,18,5029.933,1050,0.75,4,1674,1137.6,496.8129613
117.96875,12.5,8,9.4375,1.2,18,5029.933,1050,0.75,4,2556,1527,645.101116
117.96875,12.5,8,9.4375,1.2,24,5029.933,1050,0.75,4,1674,1137.6,673.3938995
117.96875,12.5,8,9.4375,1.2,24,5029.933,1050,0.75,4,2556,1527,812.2722937
117.96875,12.5,8,9.4375,1.2,18,5029.933,1050,0.75,4.5,1674,1137.6,527.1989492
117.96875,12.5,8,9.4375,1.2,18,5029.933,1050,0.75,4.5,2556,1527,606.7283712
117.96875,12.5,8,9.4375,1.2,24,5029.933,1050,0.75,4.5,1674,1137.6,707.3001571
117.96875,12.5,8,9.4375,1.2,24,5029.933,1050,0.75,4.5,2556,1527,797.5579519
117.96875,12.5,8,9.4375,1.6,18,5029.933,1050,0.75,4,1674,1137.6,623.681747
117.96875,12.5,8,9.4375,1.6,18,5029.933,1050,0.75,4,2556,1527,738.8913101
117.96875,12.5,8,9.4375,1.6,24,5029.933,1050,0.75,4,1674,1137.6,843.7549939
117.96875,12.5,8,9.4375,1.6,24,5029.933,1050,0.75,4,2556,1527,941.3442186
117.96875,12.5,8,9.4375,1.6,18,5029.933,1050,0.75,4.5,1674,1137.6,508.3532481
117.96875,12.5,8,9.4375,1.6,18,5029.933,1050,0.75,4.5,2556,1527,600.5363542
117.96875,12.5,8,9.4375,1.6,24,5029.933,1050,0.75,4.5,1674,1137.6,749.7446561
117.96875,12.5,8,9.4375,1.6,24,5029.933,1050,0.75,4.5,2556,1527,788.7913888
258.9743059,15.312,10.56,12.813,1.584,18,5029.933,1050,0.75,4,1674,1137.6,595.2201921
258.9743059,15.312,10.56,12.813,1.584,18,5029.933,1050,0.75,4,2556,1527,675.9169085
258.9743059,15.312,10.56,12.813,1.584,24,5029.933,1050,0.75,4,1674,1137.6,801.4141727
258.9743059,15.312,10.56,12.813,1.584,24,5029.933,1050,0.75,4,2556,1527,886.3593181
258.9743059,15.312,10.56,12.813,1.584,18,5029.933,1050,0.75,5.28,1674,1137.6,605.7498812
258.9743059,15.312,10.56,12.813,1.584,18,5029.933,1050,0.75,5.28,2556,1527,695.2579468
258.9743059,15.312,10.56,12.813,1.584,24,5029.933,1050,0.75,5.28,1674,1137.6,817.9385672
258.9743059,15.312,10.56,12.813,1.584,24,5029.933,1050,0.75,5.28,2556,1527,887.9093257
258.9743059,15.312,10.56,12.813,2.112,18,5029.933,1050,0.75,4,1674,1137.6,652.3068043
258.9743059,15.312,10.56,12.813,2.112,18,5029.933,1050,0.75,4,2556,1527,839.4312626
258.9743059,15.312,10.56,12.813,2.112,24,5029.933,1050,0.75,4,1674,1137.6,858.041068
258.9743059,15.312,10.56,12.813,2.112,24,5029.933,1050,0.75,4,2556,1527,1064.107715
258.9743059,15.312,10.56,12.813,2.112,18,5029.933,1050,0.75,5.28,1674,1137.6,604.9654647
258.9743059,15.312,10.56,12.813,2.112,18,5029.933,1050,0.75,5.28,2556,1527,672.0167248
258.9743059,15.312,10.56,12.813,2.112,24,5029.933,1050,0.75,5.28,1674,1137.6,821.687378
258.9743059,15.312,10.56,12.813,2.112,24,5029.933,1050,0.75,5.28,2556,1527,910.1649776
386.802,19,12.064,13.5,1.8096,18,5029.933,1050,0.75,4,1674,1137.6,648.4936682
386.802,19,12.064,13.5,1.8096,18,5029.933,1050,0.75,4,2556,1527,724.5459053
386.802,19,12.064,13.5,1.8096,24,5029.933,1050,0.75,4,1674,1137.6,871.5265893
386.802,19,12.064,13.5,1.8096,24,5029.933,1050,0.75,4,2556,1527,987.1778121
386.802,19,12.064,13.5,1.8096,18,5029.933,1050,0.75,6.032,1674,1137.6,681.0829051
386.802,19,12.064,13.5,1.8096,18,5029.933,1050,0.75,6.032,2556,1527,748.8232465
386.802,19,12.064,13.5,1.8096,24,5029.933,1050,0.75,6.032,1674,1137.6,896.2006943
386.802,19,12.064,13.5,1.8096,24,5029.933,1050,0.75,6.032,2556,1527,988.4457656
386.802,19,12.064,13.5,2.4128,18,5029.933,1050,0.75,4,1674,1137.6,747.1093523
386.802,19,12.064,13.5,2.4128,18,5029.933,1050,0.75,4,2556,1527,851.3379069
386.802,19,12.064,13.5,2.4128,24,5029.933,1050,0.75,4,1674,1137.6,944.1870425
386.802,19,12.064,13.5,2.4128,24,5029.933,1050,0.75,4,2556,1527,1075.07857
386.802,19,12.064,13.5,2.4128,18,5029.933,1050,0.75,6.032,1674,1137.6,644.0920002
386.802,19,12.064,13.5,2.4128,18,5029.933,1050,0.75,6.032,2556,1527,710.4755293
386.802,19,12.064,13.5,2.4128,24,5029.933,1050,0.75,6.032,1674,1137.6,868.7990788
386.802,19,12.064,13.5,2.4128,24,5029.933,1050,0.75,6.032,2556,1527,953.1890623
117.96875,12.5,8,9.4375,1.2,18,5029.933,1050,0,4,1674,1137.6,633.4718057
117.96875,12.5,8,9.4375,1.2,24,5029.933,1050,0,4,1674,1137.6,787.5941821
117.96875,12.5,8,9.4375,1.2,18,5029.933,1050,0,4.5,1674,1137.6,654.8620308
117.96875,12.5,8,9.4375,1.2,18,5029.933,1050,0,4.5,2556,1527,722.8654361
117.96875,12.5,8,9.4375,1.2,24,5029.933,1050,0,4.5,1674,1137.6,818.1734202
117.96875,12.5,8,9.4375,1.2,24,5029.933,1050,0,4.5,2556,1527,970.0375528
117.96875,12.5,8,9.4375,1.6,18,5029.933,1050,0,4,1674,1137.6,693.0568933
117.96875,12.5,8,9.4375,1.6,18,5029.933,1050,0,4,2556,1527,763.4060839
117.96875,12.5,8,9.4375,1.6,24,5029.933,1050,0,4,2556,1527,961.1394853
117.96875,12.5,8,9.4375,1.6,18,5029.933,1050,0,4.5,1674,1137.6,689.0025925
117.96875,12.5,8,9.4375,1.6,24,5029.933,1050,0,4.5,2556,1527,931.5099225
258.9743059,15.312,10.56,12.813,1.584,18,5029.933,1050,0,4,1674,1137.6,711.3932615
258.9743059,15.312,10.56,12.813,1.584,18,5029.933,1050,0,4,2556,1527,798.4371549
258.9743059,15.312,10.56,12.813,1.584,24,5029.933,1050,0,4,1674,1137.6,904.220437
258.9743059,15.312,10.56,12.813,1.584,24,5029.933,1050,0,4,2556,1527,1004.78163
258.9743059,15.312,10.56,12.813,1.584,18,5029.933,1050,0,5.28,1674,1137.6,737.2880092
258.9743059,15.312,10.56,12.813,1.584,18,5029.933,1050,0,5.28,2556,1527,828.7434498
258.9743059,15.312,10.56,12.813,1.584,24,5029.933,1050,0,5.28,1674,1137.6,940.9012965
258.9743059,15.312,10.56,12.813,1.584,24,5029.933,1050,0,5.28,2556,1527,1007.486254
258.9743059,15.312,10.56,12.813,2.112,18,5029.933,1050,0,4,1674,1137.6,734.2157659
258.9743059,15.312,10.56,12.813,2.112,18,5029.933,1050,0,4,2556,1527,840.2261622
258.9743059,15.312,10.56,12.813,2.112,24,5029.933,1050,0,4,1674,1137.6,936.8606621
258.9743059,15.312,10.56,12.813,2.112,24,5029.933,1050,0,4,2556,1527,1037.32888
258.9743059,15.312,10.56,12.813,2.112,18,5029.933,1050,0,5.28,1674,1137.6,714.2534841
258.9743059,15.312,10.56,12.813,2.112,18,5029.933,1050,0,5.28,2556,1527,798.4434118
258.9743059,15.312,10.56,12.813,2.112,24,5029.933,1050,0,5.28,1674,1137.6,915.7791103
258.9743059,15.312,10.56,12.813,2.112,24,5029.933,1050,0,5.28,2556,1527,1000.782928
386.802,19,12.064,13.5,1.8096,18,5029.933,1050,0,4,1674,1137.6,761.0612316
386.802,19,12.064,13.5,1.8096,18,5029.933,1050,0,4,2556,1527,849.6656155
386.802,19,12.064,13.5,1.8096,24,5029.933,1050,0,4,1674,1137.6,972.2471135
386.802,19,12.064,13.5,1.8096,24,5029.933,1050,0,4,2556,1527,1068.889627
386.802,19,12.064,13.5,1.8096,18,5029.933,1050,0,6.032,1674,1137.6,778.4523153
386.802,19,12.064,13.5,1.8096,18,5029.933,1050,0,6.032,2556,1527,869.2178514
386.802,19,12.064,13.5,1.8096,24,5029.933,1050,0,6.032,1674,1137.6,1025.233322
386.802,19,12.064,13.5,1.8096,24,5029.933,1050,0,6.032,2556,1527,1128.505066
386.802,19,12.064,13.5,2.4128,18,5029.933,1050,0,4,1674,1137.6,778.6259715
386.802,19,12.064,13.5,2.4128,18,5029.933,1050,0,4,2556,1527,882.3892109
386.802,19,12.064,13.5,2.4128,24,5029.933,1050,0,4,1674,1137.6,992.1052785
386.802,19,12.064,13.5,2.4128,24,5029.933,1050,0,4,2556,1527,1100.701417
386.802,19,12.064,13.5,2.4128,18,5029.933,1050,0,6.032,1674,1137.6,771.1778013
386.802,19,12.064,13.5,2.4128,18,5029.933,1050,0,6.032,2556,1527,853.4765562
386.802,19,12.064,13.5,2.4128,24,5029.933,1050,0,6.032,1674,1137.6,968.9704785
386.802,19,12.064,13.5,2.4128,24,5029.933,1050,0,6.032,2556,1527,1081.026568
117.96875,12.5,8,9.4375,1.2,18,3979.133,1437.867,0.75,4,1674,1137.6,539.1321578
117.96875,12.5,8,9.4375,1.2,18,3979.133,1437.867,0.75,4,2556,1527,643.4724582
117.96875,12.5,8,9.4375,1.2,24,3979.133,1437.867,0.75,4,1674,1137.6,729.5732624
117.96875,12.5,8,9.4375,1.2,18,3979.133,1437.867,0.75,4.5,1674,1137.6,546.9350499
117.96875,12.5,8,9.4375,1.2,18,3979.133,1437.867,0.75,4.5,2556,1527,639.1255654
117.96875,12.5,8,9.4375,1.2,24,3979.133,1437.867,0.75,4.5,1674,1137.6,776.6844692
117.96875,12.5,8,9.4375,1.2,24,3979.133,1437.867,0.75,4.5,2556,1527,875.9559194
117.96875,12.5,8,9.4375,1.6,18,3979.133,1437.867,0.75,4,1674,1137.6,676.0793132
117.96875,12.5,8,9.4375,1.6,18,3979.133,1437.867,0.75,4,2556,1527,772.0988815
117.96875,12.5,8,9.4375,1.6,24,3979.133,1437.867,0.75,4,1674,1137.6,933.8674532
117.96875,12.5,8,9.4375,1.6,24,3979.133,1437.867,0.75,4,2556,1527,986.6100815
117.96875,12.5,8,9.4375,1.6,18,3979.133,1437.867,0.75,4.5,2556,1527,636.5568921
117.96875,12.5,8,9.4375,1.6,24,3979.133,1437.867,0.75,4.5,1674,1137.6,806.3324733
117.96875,12.5,8,9.4375,1.6,24,3979.133,1437.867,0.75,4.5,2556,1527,892.1035832
258.9743059,15.312,10.56,12.813,1.584,18,3979.133,1437.867,0.75,4,1674,1137.6,608.2652612
258.9743059,15.312,10.56,12.813,1.584,18,3979.133,1437.867,0.75,4,2556,1527,675.5237671
258.9743059,15.312,10.56,12.813,1.584,24,3979.133,1437.867,0.75,4,1674,1137.6,816.6941594
258.9743059,15.312,10.56,12.813,1.584,24,3979.133,1437.867,0.75,4,2556,1527,930.5986118
258.9743059,15.312,10.56,12.813,1.584,18,3979.133,1437.867,0.75,5.28,1674,1137.6,645.4350913
258.9743059,15.312,10.56,12.813,1.584,18,3979.133,1437.867,0.75,5.28,2556,1527,719.0645394
258.9743059,15.312,10.56,12.813,1.584,24,3979.133,1437.867,0.75,5.28,1674,1137.6,896.1335699
258.9743059,15.312,10.56,12.813,1.584,24,3979.133,1437.867,0.75,5.28,2556,1527,976.4054214
258.9743059,15.312,10.56,12.813,2.112,18,3979.133,1437.867,0.75,4,1674,1137.6,671.1060178
258.9743059,15.312,10.56,12.813,2.112,18,3979.133,1437.867,0.75,4,2556,1527,825.1468351
258.9743059,15.312,10.56,12.813,2.112,24,3979.133,1437.867,0.75,4,1674,1137.6,918.9070619
258.9743059,15.312,10.56,12.813,2.112,24,3979.133,1437.867,0.75,4,2556,1527,1066.216178
258.9743059,15.312,10.56,12.813,2.112,18,3979.133,1437.867,0.75,5.28,1674,1137.6,601.2821866
258.9743059,15.312,10.56,12.813,2.112,18,3979.133,1437.867,0.75,5.28,2556,1527,693.9733632
258.9743059,15.312,10.56,12.813,2.112,24,3979.133,1437.867,0.75,5.28,1674,1137.6,861.7118872
258.9743059,15.312,10.56,12.813,2.112,24,3979.133,1437.867,0.75,5.28,2556,1527,930.4080511
386.802,19,12.064,13.5,1.8096,18,3979.133,1437.867,0.75,4,1674,1137.6,676.1539568
386.802,19,12.064,13.5,1.8096,18,3979.133,1437.867,0.75,4,2556,1527,753.778869
386.802,19,12.064,13.5,1.8096,24,3979.133,1437.867,0.75,4,1674,1137.6,876.2468099
386.802,19,12.064,13.5,1.8096,24,3979.133,1437.867,0.75,4,2556,1527,979.7301358
386.802,19,12.064,13.5,1.8096,18,3979.133,1437.867,0.75,6.032,1674,1137.6,728.4415335
386.802,19,12.064,13.5,1.8096,18,3979.133,1437.867,0.75,6.032,2556,1527,681.7117776
386.802,19,12.064,13.5,1.8096,24,3979.133,1437.867,0.75,6.032,1674,1137.6,945.69177
386.802,19,12.064,13.5,1.8096,24,3979.133,1437.867,0.75,6.032,2556,1527,1059.750175
386.802,19,12.064,13.5,2.4128,18,3979.133,1437.867,0.75,4,1674,1137.6,765.4386953
386.802,19,12.064,13.5,2.4128,18,3979.133,1437.867,0.75,4,2556,1527,875.7825925
386.802,19,12.064,13.5,2.4128,24,3979.133,1437.867,0.75,4,1674,1137.6,1031.035545
386.802,19,12.064,13.5,2.4128,24,3979.133,1437.867,0.75,4,2556,1527,1131.601129
386.802,19,12.064,13.5,2.4128,18,3979.133,1437.867,0.75,6.032,1674,1137.6,669.2629243
386.802,19,12.064,13.5,2.4128,18,3979.133,1437.867,0.75,6.032,2556,1527,707.5880289
386.802,19,12.064,13.5,2.4128,24,3979.133,1437.867,0.75,6.032,1674,1137.6,912.9033554
386.802,19,12.064,13.5,2.4128,24,3979.133,1437.867,0.75,6.032,2556,1527,992.2829961
117.96875,12.5,8,9.4375,1.2,18,3979.133,1437.867,0,4,1674,1137.6,653.0531855
117.96875,12.5,8,9.4375,1.2,18,3979.133,1437.867,0,4,2556,1527,735.1387122
117.96875,12.5,8,9.4375,1.2,24,3979.133,1437.867,0,4,1674,1137.6,829.2081063
117.96875,12.5,8,9.4375,1.2,24,3979.133,1437.867,0,4,2556,1527,926.9779575
117.96875,12.5,8,9.4375,1.2,18,3979.133,1437.867,0,4.5,1674,1137.6,683.930559
117.96875,12.5,8,9.4375,1.2,18,3979.133,1437.867,0,4.5,2556,1527,757.470764
117.96875,12.5,8,9.4375,1.2,24,3979.133,1437.867,0,4.5,1674,1137.6,883.4327945
117.96875,12.5,8,9.4375,1.2,24,3979.133,1437.867,0,4.5,2556,1527,943.2282014
117.96875,12.5,8,9.4375,1.6,18,3979.133,1437.867,0,4,1674,1137.6,700.2663686
117.96875,12.5,8,9.4375,1.6,18,3979.133,1437.867,0,4,2556,1527,796.7305604
117.96875,12.5,8,9.4375,1.6,24,3979.133,1437.867,0,4,1674,1137.6,879.7418325
117.96875,12.5,8,9.4375,1.6,24,3979.133,1437.867,0,4,2556,1527,958.2943561
117.96875,12.5,8,9.4375,1.6,18,3979.133,1437.867,0,4.5,2556,1527,789.601272
117.96875,12.5,8,9.4375,1.6,24,3979.133,1437.867,0,4.5,1674,1137.6,933.9861146
117.96875,12.5,8,9.4375,1.6,24,3979.133,1437.867,0,4.5,2556,1527,996.2871869
258.9743059,15.312,10.56,12.813,1.584,18,3979.133,1437.867,0,4,1674,1137.6,744.1506112
258.9743059,15.312,10.56,12.813,1.584,18,3979.133,1437.867,0,4,2556,1527,818.9090988
258.9743059,15.312,10.56,12.813,1.584,24,3979.133,1437.867,0,4,1674,1137.6,937.1832762
258.9743059,15.312,10.56,12.813,1.584,24,3979.133,1437.867,0,4,2556,1527,1058.921521
258.9743059,15.312,10.56,12.813,1.584,18,3979.133,1437.867,0,5.28,1674,1137.6,761.2673797
258.9743059,15.312,10.56,12.813,1.584,18,3979.133,1437.867,0,5.28,2556,1527,851.6272057
258.9743059,15.312,10.56,12.813,1.584,24,3979.133,1437.867,0,5.28,1674,1137.6,1004.349026
258.9743059,15.312,10.56,12.813,1.584,24,3979.133,1437.867,0,5.28,2556,1527,1080.959718
258.9743059,15.312,10.56,12.813,2.112,18,3979.133,1437.867,0,4,1674,1137.6,747.4043044
258.9743059,15.312,10.56,12.813,2.112,18,3979.133,1437.867,0,4,2556,1527,862.7427923
258.9743059,15.312,10.56,12.813,2.112,24,3979.133,1437.867,0,4,1674,1137.6,986.2454255
258.9743059,15.312,10.56,12.813,2.112,24,3979.133,1437.867,0,4,2556,1527,1073.9138
258.9743059,15.312,10.56,12.813,2.112,18,3979.133,1437.867,0,5.28,1674,1137.6,744.7870029
258.9743059,15.312,10.56,12.813,2.112,18,3979.133,1437.867,0,5.28,2556,1527,822.0300252
258.9743059,15.312,10.56,12.813,2.112,24,3979.133,1437.867,0,5.28,1674,1137.6,964.66925
258.9743059,15.312,10.56,12.813,2.112,24,3979.133,1437.867,0,5.28,2556,1527,1055.907566
386.802,19,12.064,13.5,1.8096,18,3979.133,1437.867,0,4,1674,1137.6,778.0307985
386.802,19,12.064,13.5,1.8096,18,3979.133,1437.867,0,4,2556,1527,863.6317649
386.802,19,12.064,13.5,1.8096,24,3979.133,1437.867,0,4,1674,1137.6,1024.461089
386.802,19,12.064,13.5,1.8096,24,3979.133,1437.867,0,4,2556,1527,1096.992398
386.802,19,12.064,13.5,1.8096,18,3979.133,1437.867,0,6.032,1674,1137.6,807.8482326
386.802,19,12.064,13.5,1.8096,18,3979.133,1437.867,0,6.032,2556,1527,895.8482777
386.802,19,12.064,13.5,1.8096,24,3979.133,1437.867,0,6.032,1674,1137.6,1074.670994
386.802,19,12.064,13.5,1.8096,24,3979.133,1437.867,0,6.032,2556,1527,961.021702
386.802,19,12.064,13.5,2.4128,18,3979.133,1437.867,0,4,1674,1137.6,804.6441006
386.802,19,12.064,13.5,2.4128,18,3979.133,1437.867,0,4,2556,1527,909.8586094
386.802,19,12.064,13.5,2.4128,24,3979.133,1437.867,0,4,1674,1137.6,1055.084839
386.802,19,12.064,13.5,2.4128,24,3979.133,1437.867,0,4,2556,1527,1154.167211
386.802,19,12.064,13.5,2.4128,18,3979.133,1437.867,0,6.032,1674,1137.6,784.1735836
386.802,19,12.064,13.5,2.4128,18,3979.133,1437.867,0,6.032,2556,1527,866.327497
386.802,19,12.064,13.5,2.4128,24,3979.133,1437.867,0,6.032,1674,1137.6,992.6413953
386.802,19,12.064,13.5,2.4128,24,3979.133,1437.867,0,6.032,2556,1527,1096.441353
117.96875,12.5,10,9.4375,1.2,18,5029.933,1050,0.75,4,1674,1137.6,623.1226883
117.96875,12.5,10,9.4375,1.2,18,5029.933,1050,0.75,4,2556,1527,763.3154138
117.96875,12.5,10,9.4375,1.2,24,5029.933,1050,0.75,4,1674,1137.6,837.8444272
117.96875,12.5,10,9.4375,1.2,24,5029.933,1050,0.75,4,2556,1527,940.997016
117.96875,12.5,10,9.4375,1.2,18,5029.933,1050,0.75,5,1674,1137.6,650.0806683
117.96875,12.5,10,9.4375,1.2,18,5029.933,1050,0.75,5,2556,1527,738.5920221
117.96875,12.5,10,9.4375,1.2,24,5029.933,1050,0.75,5,1674,1137.6,881.090412
117.96875,12.5,10,9.4375,1.2,24,5029.933,1050,0.75,5,2556,1527,957.6513234
117.96875,12.5,10,9.4375,1.6,18,5029.933,1050,0.75,4,1674,1137.6,683.5902719
117.96875,12.5,10,9.4375,1.6,18,5029.933,1050,0.75,4,2556,1527,873.4783551
117.96875,12.5,10,9.4375,1.6,24,5029.933,1050,0.75,4,1674,1137.6,1017.113853
117.96875,12.5,10,9.4375,1.6,24,5029.933,1050,0.75,4,2556,1527,1174.283335
117.96875,12.5,10,9.4375,1.6,18,5029.933,1050,0.75,5,1674,1137.6,627.9047094
258.9743059,15.312,13.2,12.813,1.584,18,5029.933,1050,0.75,4,1674,1137.6,713.1665413
258.9743059,15.312,13.2,12.813,1.584,18,5029.933,1050,0.75,4,2556,1527,818.4427409
258.9743059,15.312,13.2,12.813,1.584,24,5029.933,1050,0.75,4,1674,1137.6,962.4527738
258.9743059,15.312,13.2,12.813,1.584,24,5029.933,1050,0.75,4,2556,1527,1067.644396
258.9743059,15.312,13.2,12.813,1.584,18,5029.933,1050,0.75,6.6,1674,1137.6,767.2366733
258.9743059,15.312,13.2,12.813,1.584,18,5029.933,1050,0.75,6.6,2556,1527,835.3235038
258.9743059,15.312,13.2,12.813,1.584,24,5029.933,1050,0.75,6.6,1674,1137.6,1012.651043
258.9743059,15.312,13.2,12.813,1.584,24,5029.933,1050,0.75,6.6,2556,1527,1074.2531
258.9743059,15.312,13.2,12.813,2.112,18,5029.933,1050,0.75,4,1674,1137.6,711.7552831
258.9743059,15.312,13.2,12.813,2.112,18,5029.933,1050,0.75,4,2556,1527,824.5194994
258.9743059,15.312,13.2,12.813,2.112,24,5029.933,1050,0.75,4,1674,1137.6,961.7842744
258.9743059,15.312,13.2,12.813,2.112,24,5029.933,1050,0.75,4,2556,1527,1058.330958
258.9743059,15.312,13.2,12.813,2.112,18,5029.933,1050,0.75,6.6,2556,1527,819.9183244
258.9743059,15.312,13.2,12.813,2.112,24,5029.933,1050,0.75,6.6,1674,1137.6,995.2818033
258.9743059,15.312,13.2,12.813,2.112,24,5029.933,1050,0.75,6.6,2556,1527,1073.543217
386.802,19,15.08,13.5,1.8096,18,5029.933,1050,0.75,4,1674,1137.6,747.6908041
386.802,19,15.08,13.5,1.8096,18,5029.933,1050,0.75,4,2556,1527,814.0730709
386.802,19,15.08,13.5,1.8096,24,5029.933,1050,0.75,4,1674,1137.6,1016.156548
386.802,19,15.08,13.5,1.8096,24,5029.933,1050,0.75,4,2556,1527,1122.077482
386.802,19,15.08,13.5,1.8096,18,5029.933,1050,0.75,7.54,1674,1137.6,820.983862
386.802,19,15.08,13.5,1.8096,18,5029.933,1050,0.75,7.54,2556,1527,870.5613267
386.802,19,15.08,13.5,1.8096,24,5029.933,1050,0.75,7.54,1674,1137.6,1085.237895
386.802,19,15.08,13.5,1.8096,24,5029.933,1050,0.75,7.54,2556,1527,1161.630804
386.802,19,15.08,13.5,2.4128,18,5029.933,1050,0.75,4,1674,1137.6,757.0944724
386.802,19,15.08,13.5,2.4128,18,5029.933,1050,0.75,4,2556,1527,827.1511808
386.802,19,15.08,13.5,2.4128,24,5029.933,1050,0.75,4,1674,1137.6,1016.620217
386.802,19,15.08,13.5,2.4128,24,5029.933,1050,0.75,4,2556,1527,1107.760398
386.802,19,15.08,13.5,2.4128,18,5029.933,1050,0.75,7.54,1674,1137.6,780.3280654
386.802,19,15.08,13.5,2.4128,18,5029.933,1050,0.75,7.54,2556,1527,858.5023216
386.802,19,15.08,13.5,2.4128,24,5029.933,1050,0.75,7.54,1674,1137.6,1066.201249
386.802,19,15.08,13.5,2.4128,24,5029.933,1050,0.75,7.54,2556,1527,1163.049471
117.96875,12.5,10,9.4375,1.2,18,5029.933,1050,0,4,1674,1137.6,722.1517114
117.96875,12.5,10,9.4375,1.2,18,5029.933,1050,0,4,2556,1527,797.960259
117.96875,12.5,10,9.4375,1.2,24,5029.933,1050,0,4,1674,1137.6,933.8635015
117.96875,12.5,10,9.4375,1.2,18,5029.933,1050,0,5,1674,1137.6,753.99078
117.96875,12.5,10,9.4375,1.2,18,5029.933,1050,0,5,2556,1527,811.0542307
117.96875,12.5,10,9.4375,1.2,24,5029.933,1050,0,5,2556,1527,1040.322418
117.96875,12.5,10,9.4375,1.6,18,5029.933,1050,0,4,1674,1137.6,767.1365082
117.96875,12.5,10,9.4375,1.6,18,5029.933,1050,0,4,2556,1527,867.3493461
117.96875,12.5,10,9.4375,1.6,24,5029.933,1050,0,4,1674,1137.6,1018.495308
117.96875,12.5,10,9.4375,1.6,24,5029.933,1050,0,4,2556,1527,1098.798444
117.96875,12.5,10,9.4375,1.6,18,5029.933,1050,0,5,1674,1137.6,753.5694278
117.96875,12.5,10,9.4375,1.6,18,5029.933,1050,0,5,2556,1527,799.5628464
117.96875,12.5,10,9.4375,1.6,24,5029.933,1050,0,5,1674,1137.6,964.0198506
258.9743059,15.312,13.2,12.813,1.584,18,5029.933,1050,0,4,1674,1137.6,826.7578199
258.9743059,15.312,13.2,12.813,1.584,18,5029.933,1050,0,4,2556,1527,928.5240682
258.9743059,15.312,13.2,12.813,1.584,24,5029.933,1050,0,4,1674,1137.6,1095.534652
258.9743059,15.312,13.2,12.813,1.584,24,5029.933,1050,0,4,2556,1527,1173.488051
258.9743059,15.312,13.2,12.813,1.584,18,5029.933,1050,0,6.6,1674,1137.6,856.4952866
258.9743059,15.312,13.2,12.813,1.584,18,5029.933,1050,0,6.6,2556,1527,943.0240292
258.9743059,15.312,13.2,12.813,1.584,24,5029.933,1050,0,6.6,1674,1137.6,1113.586771
258.9743059,15.312,13.2,12.813,1.584,24,5029.933,1050,0,6.6,2556,1527,1157.446041
258.9743059,15.312,13.2,12.813,2.112,18,5029.933,1050,0,4,1674,1137.6,823.3423257
258.9743059,15.312,13.2,12.813,2.112,18,5029.933,1050,0,4,2556,1527,916.4267534
258.9743059,15.312,13.2,12.813,2.112,24,5029.933,1050,0,4,1674,1137.6,1060.501331
258.9743059,15.312,13.2,12.813,2.112,24,5029.933,1050,0,4,2556,1527,1190.593733
258.9743059,15.312,13.2,12.813,2.112,18,5029.933,1050,0,6.6,1674,1137.6,842.0301227
258.9743059,15.312,13.2,12.813,2.112,18,5029.933,1050,0,6.6,2556,1527,922.4153666
258.9743059,15.312,13.2,12.813,2.112,24,5029.933,1050,0,6.6,1674,1137.6,1083.294746
258.9743059,15.312,13.2,12.813,2.112,24,5029.933,1050,0,6.6,2556,1527,1170.26696
386.802,19,15.08,13.5,1.8096,18,5029.933,1050,0,4,1674,1137.6,860.1407489
386.802,19,15.08,13.5,1.8096,18,5029.933,1050,0,4,2556,1527,948.5600606
386.802,19,15.08,13.5,1.8096,24,5029.933,1050,0,4,1674,1137.6,1154.344928
386.802,19,15.08,13.5,1.8096,24,5029.933,1050,0,4,2556,1527,1237.219756
386.802,19,15.08,13.5,1.8096,18,5029.933,1050,0,7.54,1674,1137.6,930.1743507
386.802,19,15.08,13.5,1.8096,18,5029.933,1050,0,7.54,2556,1527,1000.52431
386.802,19,15.08,13.5,1.8096,24,5029.933,1050,0,7.54,1674,1137.6,1196.416154
386.802,19,15.08,13.5,1.8096,24,5029.933,1050,0,7.54,2556,1527,1260.030625
386.802,19,15.08,13.5,2.4128,18,5029.933,1050,0,4,1674,1137.6,871.989709
386.802,19,15.08,13.5,2.4128,18,5029.933,1050,0,4,2556,1527,953.3978449
386.802,19,15.08,13.5,2.4128,24,5029.933,1050,0,4,1674,1137.6,1242.00057
386.802,19,15.08,13.5,2.4128,24,5029.933,1050,0,4,2556,1527,1204.337159
386.802,19,15.08,13.5,2.4128,18,5029.933,1050,0,7.54,1674,1137.6,880.8484789
386.802,19,15.08,13.5,2.4128,18,5029.933,1050,0,7.54,2556,1527,959.0508911
386.802,19,15.08,13.5,2.4128,24,5029.933,1050,0,7.54,1674,1137.6,1160.67767
386.802,19,15.08,13.5,2.4128,24,5029.933,1050,0,7.54,2556,1527,1246.24395
117.96875,12.5,10,9.4375,1.2,18,3979.133,1437.867,0.75,4,1674,1137.6,654.6979795
117.96875,12.5,10,9.4375,1.2,18,3979.133,1437.867,0.75,4,2556,1527,771.0902597
117.96875,12.5,10,9.4375,1.2,24,3979.133,1437.867,0.75,4,1674,1137.6,885.6863181
117.96875,12.5,10,9.4375,1.2,24,3979.133,1437.867,0.75,4,2556,1527,1003.278769
117.96875,12.5,10,9.4375,1.2,18,3979.133,1437.867,0.75,5,1674,1137.6,685.4560878
117.96875,12.5,10,9.4375,1.2,18,3979.133,1437.867,0.75,5,2556,1527,776.0461565
117.96875,12.5,10,9.4375,1.2,24,3979.133,1437.867,0.75,5,1674,1137.6,951.4220943
117.96875,12.5,10,9.4375,1.6,18,3979.133,1437.867,0.75,4,1674,1137.6,815.4805969
117.96875,12.5,10,9.4375,1.6,18,3979.133,1437.867,0.75,4,2556,1527,951.3968472
117.96875,12.5,10,9.4375,1.6,24,3979.133,1437.867,0.75,4,1674,1137.6,1112.439674
117.96875,12.5,10,9.4375,1.6,24,3979.133,1437.867,0.75,4,2556,1527,1254.42006
117.96875,12.5,10,9.4375,1.6,18,3979.133,1437.867,0.75,5,1674,1137.6,675.0611414
117.96875,12.5,10,9.4375,1.6,18,3979.133,1437.867,0.75,5,2556,1527,770.5472823
117.96875,12.5,10,9.4375,1.6,24,3979.133,1437.867,0.75,5,1674,1137.6,940.1113915
258.9743059,15.312,13.2,12.813,1.584,18,3979.133,1437.867,0.75,4,1674,1137.6,744.371688
258.9743059,15.312,13.2,12.813,1.584,18,3979.133,1437.867,0.75,4,2556,1527,837.8714855
258.9743059,15.312,13.2,12.813,1.584,24,3979.133,1437.867,0.75,4,1674,1137.6,1024.143744
258.9743059,15.312,13.2,12.813,1.584,24,3979.133,1437.867,0.75,4,2556,1527,1120.009525
258.9743059,15.312,13.2,12.813,1.584,18,3979.133,1437.867,0.75,6.6,1674,1137.6,795.3803891
258.9743059,15.312,13.2,12.813,1.584,18,3979.133,1437.867,0.75,6.6,2556,1527,869.2851404
258.9743059,15.312,13.2,12.813,1.584,24,3979.133,1437.867,0.75,6.6,1674,1137.6,1081.731402
258.9743059,15.312,13.2,12.813,1.584,24,3979.133,1437.867,0.75,6.6,2556,1527,1167.008217
258.9743059,15.312,13.2,12.813,2.112,18,3979.133,1437.867,0.75,4,1674,1137.6,759.1108928
258.9743059,15.312,13.2,12.813,2.112,18,3979.133,1437.867,0.75,4,2556,1527,863.1805552
258.9743059,15.312,13.2,12.813,2.112,24,3979.133,1437.867,0.75,4,1674,1137.6,1042.70816
258.9743059,15.312,13.2,12.813,2.112,24,3979.133,1437.867,0.75,4,2556,1527,1154.925063
258.9743059,15.312,13.2,12.813,2.112,18,3979.133,1437.867,0.75,6.6,1674,1137.6,767.3312951
258.9743059,15.312,13.2,12.813,2.112,18,3979.133,1437.867,0.75,6.6,2556,1527,846.3463348
258.9743059,15.312,13.2,12.813,2.112,24,3979.133,1437.867,0.75,6.6,1674,1137.6,1045.004439
258.9743059,15.312,13.2,12.813,2.112,24,3979.133,1437.867,0.75,6.6,2556,1527,1152.727906
386.802,19,15.08,13.5,1.8096,18,3979.133,1437.867,0.75,4,1674,1137.6,768.8923895
386.802,19,15.08,13.5,1.8096,18,3979.133,1437.867,0.75,4,2556,1527,841.8296827
386.802,19,15.08,13.5,1.8096,24,3979.133,1437.867,0.75,4,1674,1137.6,1081.795617
386.802,19,15.08,13.5,1.8096,24,3979.133,1437.867,0.75,4,2556,1527,1173.523068
386.802,19,15.08,13.5,1.8096,18,3979.133,1437.867,0.75,7.54,1674,1137.6,860.1079277
386.802,19,15.08,13.5,1.8096,18,3979.133,1437.867,0.75,7.54,2556,1527,923.1899039
386.802,19,15.08,13.5,1.8096,24,3979.133,1437.867,0.75,7.54,1674,1137.6,1173.439752
386.802,19,15.08,13.5,1.8096,24,3979.133,1437.867,0.75,7.54,2556,1527,1242.460836
386.802,19,15.08,13.5,2.4128,18,3979.133,1437.867,0.75,4,1674,1137.6,772.30245
386.802,19,15.08,13.5,2.4128,18,3979.133,1437.867,0.75,4,2556,1527,875.5481786
386.802,19,15.08,13.5,2.4128,24,3979.133,1437.867,0.75,4,1674,1137.6,1082.106157
386.802,19,15.08,13.5,2.4128,24,3979.133,1437.867,0.75,4,2556,1527,1166.163208
386.802,19,15.08,13.5,2.4128,18,3979.133,1437.867,0.75,7.54,1674,1137.6,810.4160827
386.802,19,15.08,13.5,2.4128,18,3979.133,1437.867,0.75,7.54,2556,1527,871.851783
386.802,19,15.08,13.5,2.4128,24,3979.133,1437.867,0.75,7.54,1674,1137.6,1098.186586
386.802,19,15.08,13.5,2.4128,24,3979.133,1437.867,0.75,7.54,2556,1527,1196.334156
117.96875,12.5,10,9.4375,1.2,18,3979.133,1437.867,0,4,1674,1137.6,750.3230892
117.96875,12.5,10,9.4375,1.2,18,3979.133,1437.867,0,4,2556,1527,832.0345196
117.96875,12.5,10,9.4375,1.2,24,3979.133,1437.867,0,4,1674,1137.6,993.9265826
117.96875,12.5,10,9.4375,1.2,24,3979.133,1437.867,0,4,2556,1527,1084.948322
117.96875,12.5,10,9.4375,1.2,18,3979.133,1437.867,0,5,1674,1137.6,778.5030291
117.96875,12.5,10,9.4375,1.2,18,3979.133,1437.867,0,5,2556,1527,866.1632262
117.96875,12.5,10,9.4375,1.2,24,3979.133,1437.867,0,5,1674,1137.6,1033.736217
117.96875,12.5,10,9.4375,1.2,24,3979.133,1437.867,0,5,2556,1527,1087.392022
117.96875,12.5,10,9.4375,1.6,18,3979.133,1437.867,0,4,1674,1137.6,810.6294756
117.96875,12.5,10,9.4375,1.6,18,3979.133,1437.867,0,4,2556,1527,900.2379259
117.96875,12.5,10,9.4375,1.6,24,3979.133,1437.867,0,4,1674,1137.6,1055.369144
117.96875,12.5,10,9.4375,1.6,24,3979.133,1437.867,0,4,2556,1527,1165.286365
117.96875,12.5,10,9.4375,1.6,18,3979.133,1437.867,0,5,2556,1527,849.0666005
117.96875,12.5,10,9.4375,1.6,24,3979.133,1437.867,0,5,2556,1527,1090.994784
258.9743059,15.312,13.2,12.813,1.584,18,3979.133,1437.867,0,4,1674,1137.6,845.486122
258.9743059,15.312,13.2,12.813,1.584,18,3979.133,1437.867,0,4,2556,1527,950.8206643
258.9743059,15.312,13.2,12.813,1.584,24,3979.133,1437.867,0,4,1674,1137.6,1119.063197
258.9743059,15.312,13.2,12.813,1.584,24,3979.133,1437.867,0,4,2556,1527,1232.022475
258.9743059,15.312,13.2,12.813,1.584,18,3979.133,1437.867,0,6.6,1674,1137.6,903.3963386
258.9743059,15.312,13.2,12.813,1.584,18,3979.133,1437.867,0,6.6,2556,1527,979.5583457
258.9743059,15.312,13.2,12.813,1.584,24,3979.133,1437.867,0,6.6,1674,1137.6,1161.273063
258.9743059,15.312,13.2,12.813,1.584,24,3979.133,1437.867,0,6.6,2556,1527,1261.539085
258.9743059,15.312,13.2,12.813,2.112,18,3979.133,1437.867,0,4,1674,1137.6,851.3818697
258.9743059,15.312,13.2,12.813,2.112,18,3979.133,1437.867,0,4,2556,1527,935.3380422
258.9743059,15.312,13.2,12.813,2.112,24,3979.133,1437.867,0,4,1674,1137.6,1148.214273
258.9743059,15.312,13.2,12.813,2.112,24,3979.133,1437.867,0,4,2556,1527,1242.859959
258.9743059,15.312,13.2,12.813,2.112,18,3979.133,1437.867,0,6.6,1674,1137.6,866.9302442
258.9743059,15.312,13.2,12.813,2.112,18,3979.133,1437.867,0,6.6,2556,1527,956.6788708
258.9743059,15.312,13.2,12.813,2.112,24,3979.133,1437.867,0,6.6,1674,1137.6,1134.794778
258.9743059,15.312,13.2,12.813,2.112,24,3979.133,1437.867,0,6.6,2556,1527,1215.561912
386.802,19,15.08,13.5,1.8096,18,3979.133,1437.867,0,4,1674,1137.6,890.4557706
386.802,19,15.08,13.5,1.8096,18,3979.133,1437.867,0,4,2556,1527,968.1890257
386.802,19,15.08,13.5,1.8096,24,3979.133,1437.867,0,4,1674,1137.6,1208.53202
386.802,19,15.08,13.5,1.8096,24,3979.133,1437.867,0,4,2556,1527,1281.328533
386.802,19,15.08,13.5,1.8096,18,3979.133,1437.867,0,7.54,1674,1137.6,968.0676201
386.802,19,15.08,13.5,1.8096,18,3979.133,1437.867,0,7.54,2556,1527,1039.453369
386.802,19,15.08,13.5,1.8096,24,3979.133,1437.867,0,7.54,1674,1137.6,1233.428629
386.802,19,15.08,13.5,1.8096,24,3979.133,1437.867,0,7.54,2556,1527,1347.682754
386.802,19,15.08,13.5,2.4128,18,3979.133,1437.867,0,4,1674,1137.6,911.5150939
386.802,19,15.08,13.5,2.4128,18,3979.133,1437.867,0,4,2556,1527,997.931432
386.802,19,15.08,13.5,2.4128,24,3979.133,1437.867,0,4,1674,1137.6,1185.343543
386.802,19,15.08,13.5,2.4128,24,3979.133,1437.867,0,4,2556,1527,1280.057616
386.802,19,15.08,13.5,2.4128,18,3979.133,1437.867,0,7.54,1674,1137.6,914.5175235
386.802,19,15.08,13.5,2.4128,18,3979.133,1437.867,0,7.54,2556,1527,991.5378773
386.802,19,15.08,13.5,2.4128,24,3979.133,1437.867,0,7.54,1674,1137.6,1202.041758
386.802,19,15.08,13.5,2.4128,24,3979.133,1437.867,0,7.54,2556,1527,1279.730941
117.96875,12.5,12,9.4375,1.2,18,5029.933,1050,0.75,4,1674,1137.6,699.0219155
117.96875,12.5,12,9.4375,1.2,18,5029.933,1050,0.75,4,2556,1527,878.481254
117.96875,12.5,12,9.4375,1.2,24,5029.933,1050,0.75,4,1674,1137.6,935.1439095
117.96875,12.5,12,9.4375,1.2,24,5029.933,1050,0.75,4,2556,1527,1154.477484
117.96875,12.5,12,9.4375,1.2,18,5029.933,1050,0.75,6,1674,1137.6,783.8662821
117.96875,12.5,12,9.4375,1.2,18,5029.933,1050,0.75,6,2556,1527,869.2011291
117.96875,12.5,12,9.4375,1.2,24,5029.933,1050,0.75,6,1674,1137.6,1065.441538
117.96875,12.5,12,9.4375,1.2,24,5029.933,1050,0.75,6,2556,1527,1161.972287
117.96875,12.5,12,9.4375,1.6,18,5029.933,1050,0.75,4,1674,1137.6,763.5623931
117.96875,12.5,12,9.4375,1.6,18,5029.933,1050,0.75,4,2556,1527,860.6184809
117.96875,12.5,12,9.4375,1.6,24,5029.933,1050,0.75,4,1674,1137.6,1075.530853
117.96875,12.5,12,9.4375,1.6,24,5029.933,1050,0.75,4,2556,1527,1173.00676
117.96875,12.5,12,9.4375,1.6,18,5029.933,1050,0.75,6,1674,1137.6,773.0378597
117.96875,12.5,12,9.4375,1.6,18,5029.933,1050,0.75,6,2556,1527,864.8419787
258.9743059,15.312,15.84,12.813,1.584,18,5029.933,1050,0.75,4,1674,1137.6,785.559944
258.9743059,15.312,15.84,12.813,1.584,18,5029.933,1050,0.75,4,2556,1527,995.9249637
258.9743059,15.312,15.84,12.813,1.584,24,5029.933,1050,0.75,4,1674,1137.6,1060.157493
258.9743059,15.312,15.84,12.813,1.584,24,5029.933,1050,0.75,4,2556,1527,1289.897255
258.9743059,15.312,15.84,12.813,1.584,18,5029.933,1050,0.75,7.92,1674,1137.6,918.3271939
258.9743059,15.312,15.84,12.813,1.584,18,5029.933,1050,0.75,7.92,2556,1527,985.8494025
258.9743059,15.312,15.84,12.813,1.584,24,5029.933,1050,0.75,7.92,1674,1137.6,1227.980584
258.9743059,15.312,15.84,12.813,1.584,24,5029.933,1050,0.75,7.92,2556,1527,1309.784947
258.9743059,15.312,15.84,12.813,2.112,18,5029.933,1050,0.75,4,1674,1137.6,886.9357043
258.9743059,15.312,15.84,12.813,2.112,18,5029.933,1050,0.75,4,2556,1527,994.227102
258.9743059,15.312,15.84,12.813,2.112,24,5029.933,1050,0.75,4,1674,1137.6,1216.788409
258.9743059,15.312,15.84,12.813,2.112,24,5029.933,1050,0.75,4,2556,1527,1308.215914
258.9743059,15.312,15.84,12.813,2.112,18,5029.933,1050,0.75,7.92,1674,1137.6,901.4679555
258.9743059,15.312,15.84,12.813,2.112,18,5029.933,1050,0.75,7.92,2556,1527,992.462149
258.9743059,15.312,15.84,12.813,2.112,24,5029.933,1050,0.75,7.92,1674,1137.6,1226.110007
258.9743059,15.312,15.84,12.813,2.112,24,5029.933,1050,0.75,7.92,2556,1527,1322.162192
386.802,19,18.096,13.5,1.8096,18,5029.933,1050,0.75,4,1674,1137.6,714.4965425
386.802,19,18.096,13.5,1.8096,18,5029.933,1050,0.75,4,2556,1527,718.9313937
386.802,19,18.096,13.5,1.8096,24,5029.933,1050,0.75,4,1674,1137.6,1056.511989
386.802,19,18.096,13.5,1.8096,24,5029.933,1050,0.75,4,2556,1527,1034.353271
386.802,19,18.096,13.5,1.8096,18,5029.933,1050,0.75,9.048,1674,1137.6,1015.938649
386.802,19,18.096,13.5,1.8096,18,5029.933,1050,0.75,9.048,2556,1527,1062.368252
386.802,19,18.096,13.5,1.8096,24,5029.933,1050,0.75,9.048,1674,1137.6,1366.333054
386.802,19,18.096,13.5,1.8096,24,5029.933,1050,0.75,9.048,2556,1527,1481.75405
386.802,19,18.096,13.5,2.4128,18,5029.933,1050,0.75,4,1674,1137.6,923.9616042
386.802,19,18.096,13.5,2.4128,18,5029.933,1050,0.75,4,2556,1527,1008.803451
386.802,19,18.096,13.5,2.4128,24,5029.933,1050,0.75,4,1674,1137.6,1303.055237
386.802,19,18.096,13.5,2.4128,24,5029.933,1050,0.75,4,2556,1527,1371.482286
386.802,19,18.096,13.5,2.4128,18,5029.933,1050,0.75,9.048,1674,1137.6,973.9765501
386.802,19,18.096,13.5,2.4128,18,5029.933,1050,0.75,9.048,2556,1527,1028.74175
386.802,19,18.096,13.5,2.4128,24,5029.933,1050,0.75,9.048,1674,1137.6,1339.657275
386.802,19,18.096,13.5,2.4128,24,5029.933,1050,0.75,9.048,2556,1527,1461.429687
117.96875,12.5,12,9.4375,1.2,18,5029.933,1050,0,4,1674,1137.6,702.9678612
117.96875,12.5,12,9.4375,1.2,18,5029.933,1050,0,4,2556,1527,806.1558219
117.96875,12.5,12,9.4375,1.2,18,5029.933,1050,0,6,1674,1137.6,880.7938569
117.96875,12.5,12,9.4375,1.2,18,5029.933,1050,0,6,2556,1527,941.6437873
117.96875,12.5,12,9.4375,1.6,18,5029.933,1050,0,4,1674,1137.6,869.4399385
117.96875,12.5,12,9.4375,1.6,18,5029.933,1050,0,4,2556,1527,947.0691541
117.96875,12.5,12,9.4375,1.6,24,5029.933,1050,0,4,2556,1527,1245.763141
117.96875,12.5,12,9.4375,1.6,24,5029.933,1050,0,6,1674,1137.6,1145.948803
258.9743059,15.312,15.84,12.813,1.584,18,5029.933,1050,0,4,1674,1137.6,802.8426765
258.9743059,15.312,15.84,12.813,1.584,18,5029.933,1050,0,4,2556,1527,930.6400771
258.9743059,15.312,15.84,12.813,1.584,24,5029.933,1050,0,4,1674,1137.6,1108.140381
258.9743059,15.312,15.84,12.813,1.584,24,5029.933,1050,0,4,2556,1527,1255.60887
258.9743059,15.312,15.84,12.813,1.584,18,5029.933,1050,0,7.92,1674,1137.6,1002.518286
258.9743059,15.312,15.84,12.813,1.584,18,5029.933,1050,0,7.92,2556,1527,1068.538552
258.9743059,15.312,15.84,12.813,1.584,24,5029.933,1050,0,7.92,1674,1137.6,1326.503283
258.9743059,15.312,15.84,12.813,1.584,24,5029.933,1050,0,7.92,2556,1527,1410.084779
258.9743059,15.312,15.84,12.813,2.112,18,5029.933,1050,0,4,1674,1137.6,993.6169805
258.9743059,15.312,15.84,12.813,2.112,18,5029.933,1050,0,4,2556,1527,1098.343264
258.9743059,15.312,15.84,12.813,2.112,24,5029.933,1050,0,4,1674,1137.6,1294.72489
258.9743059,15.312,15.84,12.813,2.112,24,5029.933,1050,0,4,2556,1527,1438.252841
258.9743059,15.312,15.84,12.813,2.112,18,5029.933,1050,0,7.92,1674,1137.6,968.1088426
258.9743059,15.312,15.84,12.813,2.112,18,5029.933,1050,0,7.92,2556,1527,1043.780598
258.9743059,15.312,15.84,12.813,2.112,24,5029.933,1050,0,7.92,1674,1137.6,1326.75002
258.9743059,15.312,15.84,12.813,2.112,24,5029.933,1050,0,7.92,2556,1527,1381.943701
386.802,19,18.096,13.5,1.8096,18,5029.933,1050,0,4,1674,1137.6,853.3041104
386.802,19,18.096,13.5,1.8096,18,5029.933,1050,0,4,2556,1527,980.9247532
386.802,19,18.096,13.5,1.8096,24,5029.933,1050,0,4,1674,1137.6,1167.263681
386.802,19,18.096,13.5,1.8096,24,5029.933,1050,0,4,2556,1527,1328.329238
386.802,19,18.096,13.5,1.8096,18,5029.933,1050,0,9.048,1674,1137.6,1062.500964
386.802,19,18.096,13.5,1.8096,18,5029.933,1050,0,9.048,2556,1527,1144.113398
386.802,19,18.096,13.5,1.8096,24,5029.933,1050,0,9.048,1674,1137.6,1431.141057
386.802,19,18.096,13.5,1.8096,24,5029.933,1050,0,9.048,2556,1527,1536.269993
386.802,19,18.096,13.5,2.4128,18,5029.933,1050,0,4,1674,1137.6,1032.20383
386.802,19,18.096,13.5,2.4128,18,5029.933,1050,0,4,2556,1527,1120.861482
386.802,19,18.096,13.5,2.4128,24,5029.933,1050,0,4,1674,1137.6,1371.440708
386.802,19,18.096,13.5,2.4128,24,5029.933,1050,0,4,2556,1527,1473.888827
386.802,19,18.096,13.5,2.4128,18,5029.933,1050,0,9.048,1674,1137.6,1037.915621
386.802,19,18.096,13.5,2.4128,18,5029.933,1050,0,9.048,2556,1527,1115.25143
386.802,19,18.096,13.5,2.4128,24,5029.933,1050,0,9.048,1674,1137.6,1422.657628
386.802,19,18.096,13.5,2.4128,24,5029.933,1050,0,9.048,2556,1527,1484.265092
117.96875,12.5,12,9.4375,1.2,18,3979.133,1437.867,0.75,4,1674,1137.6,746.5408862
117.96875,12.5,12,9.4375,1.2,18,3979.133,1437.867,0.75,4,2556,1527,926.8834886
117.96875,12.5,12,9.4375,1.2,24,3979.133,1437.867,0.75,4,1674,1137.6,1022.536486
117.96875,12.5,12,9.4375,1.2,24,3979.133,1437.867,0.75,4,2556,1527,1216.247584
117.96875,12.5,12,9.4375,1.2,18,3979.133,1437.867,0.75,6,1674,1137.6,824.8308829
117.96875,12.5,12,9.4375,1.2,18,3979.133,1437.867,0.75,6,2556,1527,913.958174
117.96875,12.5,12,9.4375,1.2,24,3979.133,1437.867,0.75,6,1674,1137.6,1166.854414
117.96875,12.5,12,9.4375,1.2,24,3979.133,1437.867,0.75,6,2556,1527,1268.462264
117.96875,12.5,12,9.4375,1.6,18,3979.133,1437.867,0.75,4,1674,1137.6,806.4211423
117.96875,12.5,12,9.4375,1.6,18,3979.133,1437.867,0.75,4,2556,1527,927.1357897
117.96875,12.5,12,9.4375,1.6,24,3979.133,1437.867,0.75,4,1674,1137.6,1133.963291
117.96875,12.5,12,9.4375,1.6,24,3979.133,1437.867,0.75,4,2556,1527,1261.967741
117.96875,12.5,12,9.4375,1.6,18,3979.133,1437.867,0.75,6,1674,1137.6,833.3036547
117.96875,12.5,12,9.4375,1.6,18,3979.133,1437.867,0.75,6,2556,1527,928.5616113
117.96875,12.5,12,9.4375,1.6,24,3979.133,1437.867,0.75,6,1674,1137.6,1180.179336
117.96875,12.5,12,9.4375,1.6,24,3979.133,1437.867,0.75,6,2556,1527,1264.673757
258.9743059,15.312,15.84,12.813,1.584,18,3979.133,1437.867,0.75,4,1674,1137.6,852.3222044
258.9743059,15.312,15.84,12.813,1.584,18,3979.133,1437.867,0.75,4,2556,1527,1075.265953
258.9743059,15.312,15.84,12.813,1.584,24,3979.133,1437.867,0.75,4,1674,1137.6,1135.898335
258.9743059,15.312,15.84,12.813,1.584,24,3979.133,1437.867,0.75,4,2556,1527,1393.520155
258.9743059,15.312,15.84,12.813,1.584,18,3979.133,1437.867,0.75,7.92,1674,1137.6,963.4746073
258.9743059,15.312,15.84,12.813,1.584,18,3979.133,1437.867,0.75,7.92,2556,1527,1043.898612
258.9743059,15.312,15.84,12.813,1.584,24,3979.133,1437.867,0.75,7.92,1674,1137.6,1369.726678
258.9743059,15.312,15.84,12.813,1.584,24,3979.133,1437.867,0.75,7.92,2556,1527,1423.480468
258.9743059,15.312,15.84,12.813,2.112,18,3979.133,1437.867,0.75,4,1674,1137.6,915.013996
258.9743059,15.312,15.84,12.813,2.112,18,3979.133,1437.867,0.75,4,2556,1527,1016.802961
258.9743059,15.312,15.84,12.813,2.112,24,3979.133,1437.867,0.75,4,1674,1137.6,1282.713235
258.9743059,15.312,15.84,12.813,2.112,24,3979.133,1437.867,0.75,4,2556,1527,1391.764861
258.9743059,15.312,15.84,12.813,2.112,18,3979.133,1437.867,0.75,7.92,1674,1137.6,946.8949686
258.9743059,15.312,15.84,12.813,2.112,18,3979.133,1437.867,0.75,7.92,2556,1527,1029.026809
258.9743059,15.312,15.84,12.813,2.112,24,3979.133,1437.867,0.75,7.92,1674,1137.6,1318.774868
258.9743059,15.312,15.84,12.813,2.112,24,3979.133,1437.867,0.75,7.92,2556,1527,1407.660988
386.802,19,18.096,13.5,1.8096,18,3979.133,1437.867,0.75,4,1674,1137.6,747.1245491
386.802,19,18.096,13.5,1.8096,18,3979.133,1437.867,0.75,4,2556,1527,726.9552102
386.802,19,18.096,13.5,1.8096,24,3979.133,1437.867,0.75,4,1674,1137.6,1108.347744
386.802,19,18.096,13.5,1.8096,24,3979.133,1437.867,0.75,4,2556,1527,1100.903129
386.802,19,18.096,13.5,1.8096,18,3979.133,1437.867,0.75,9.048,1674,1137.6,1068.438493
386.802,19,18.096,13.5,1.8096,18,3979.133,1437.867,0.75,9.048,2556,1527,1133.392018
386.802,19,18.096,13.5,1.8096,24,3979.133,1437.867,0.75,9.048,1674,1137.6,1478.230339
386.802,19,18.096,13.5,1.8096,24,3979.133,1437.867,0.75,9.048,2556,1527,1576.852468
386.802,19,18.096,13.5,2.4128,18,3979.133,1437.867,0.75,4,1674,1137.6,992.1952537
386.802,19,18.096,13.5,2.4128,18,3979.133,1437.867,0.75,4,2556,1527,1064.095407
386.802,19,18.096,13.5,2.4128,24,3979.133,1437.867,0.75,4,1674,1137.6,1384.295992
386.802,19,18.096,13.5,2.4128,24,3979.133,1437.867,0.75,4,2556,1527,1485.526703
386.802,19,18.096,13.5,2.4128,18,3979.133,1437.867,0.75,9.048,1674,1137.6,980.2236017
386.802,19,18.096,13.5,2.4128,18,3979.133,1437.867,0.75,9.048,2556,1527,1080.319535
386.802,19,18.096,13.5,2.4128,24,3979.133,1437.867,0.75,9.048,1674,1137.6,1406.573457
386.802,19,18.096,13.5,2.4128,24,3979.133,1437.867,0.75,9.048,2556,1527,1524.100217
117.96875,12.5,12,9.4375,1.2,18,3979.133,1437.867,0,4,1674,1137.6,720.764383
117.96875,12.5,12,9.4375,1.2,18,3979.133,1437.867,0,4,2556,1527,825.9776824
117.96875,12.5,12,9.4375,1.2,24,3979.133,1437.867,0,4,1674,1137.6,996.7311094
117.96875,12.5,12,9.4375,1.2,24,3979.133,1437.867,0,4,2556,1527,1143.065241
117.96875,12.5,12,9.4375,1.2,18,3979.133,1437.867,0,6,1674,1137.6,938.4143748
117.96875,12.5,12,9.4375,1.2,18,3979.133,1437.867,0,6,2556,1527,988.7096553
117.96875,12.5,12,9.4375,1.2,24,3979.133,1437.867,0,6,1674,1137.6,1238.113052
117.96875,12.5,12,9.4375,1.2,24,3979.133,1437.867,0,6,2556,1527,1318.493694
117.96875,12.5,12,9.4375,1.6,18,3979.133,1437.867,0,4,1674,1137.6,884.7868924
117.96875,12.5,12,9.4375,1.6,18,3979.133,1437.867,0,4,2556,1527,995.2517407
117.96875,12.5,12,9.4375,1.6,24,3979.133,1437.867,0,4,1674,1137.6,1245.392932
117.96875,12.5,12,9.4375,1.6,24,3979.133,1437.867,0,4,2556,1527,1337.206395
117.96875,12.5,12,9.4375,1.6,18,3979.133,1437.867,0,6,1674,1137.6,907.7827284
117.96875,12.5,12,9.4375,1.6,18,3979.133,1437.867,0,6,2556,1527,987.5728828
117.96875,12.5,12,9.4375,1.6,24,3979.133,1437.867,0,6,1674,1137.6,1251.191868
117.96875,12.5,12,9.4375,1.6,24,3979.133,1437.867,0,6,2556,1527,1310.968547
258.9743059,15.312,15.84,12.813,1.584,18,3979.133,1437.867,0,4,1674,1137.6,855.8977828
258.9743059,15.312,15.84,12.813,1.584,18,3979.133,1437.867,0,4,2556,1527,977.6289843
258.9743059,15.312,15.84,12.813,1.584,24,3979.133,1437.867,0,4,1674,1137.6,1131.704865
258.9743059,15.312,15.84,12.813,1.584,24,3979.133,1437.867,0,4,2556,1527,1338.549376
258.9743059,15.312,15.84,12.813,1.584,18,3979.133,1437.867,0,7.92,1674,1137.6,1039.874288
258.9743059,15.312,15.84,12.813,1.584,18,3979.133,1437.867,0,7.92,2556,1527,1118.280828
258.9743059,15.312,15.84,12.813,1.584,24,3979.133,1437.867,0,7.92,1674,1137.6,1409.71205
258.9743059,15.312,15.84,12.813,1.584,24,3979.133,1437.867,0,7.92,2556,1527,1502.028331
258.9743059,15.312,15.84,12.813,2.112,18,3979.133,1437.867,0,4,1674,1137.6,1031.956988
258.9743059,15.312,15.84,12.813,2.112,18,3979.133,1437.867,0,4,2556,1527,1125.928503
258.9743059,15.312,15.84,12.813,2.112,24,3979.133,1437.867,0,4,1674,1137.6,1403.34562
258.9743059,15.312,15.84,12.813,2.112,24,3979.133,1437.867,0,4,2556,1527,1502.040405
258.9743059,15.312,15.84,12.813,2.112,18,3979.133,1437.867,0,7.92,1674,1137.6,1004.869212
258.9743059,15.312,15.84,12.813,2.112,18,3979.133,1437.867,0,7.92,2556,1527,1084.484761
258.9743059,15.312,15.84,12.813,2.112,24,3979.133,1437.867,0,7.92,1674,1137.6,1444.507242
258.9743059,15.312,15.84,12.813,2.112,24,3979.133,1437.867,0,7.92,2556,1527,1461.818796
386.802,19,18.096,13.5,1.8096,18,3979.133,1437.867,0,4,1674,1137.6,890.361456
386.802,19,18.096,13.5,1.8096,18,3979.133,1437.867,0,4,2556,1527,1026.124769
386.802,19,18.096,13.5,1.8096,24,3979.133,1437.867,0,4,1674,1137.6,1230.162994
386.802,19,18.096,13.5,1.8096,24,3979.133,1437.867,0,4,2556,1527,1401.762727
386.802,19,18.096,13.5,1.8096,18,3979.133,1437.867,0,9.048,1674,1137.6,1113.069965
386.802,19,18.096,13.5,1.8096,18,3979.133,1437.867,0,9.048,2556,1527,1207.39216
386.802,19,18.096,13.5,1.8096,24,3979.133,1437.867,0,9.048,1674,1137.6,1533.754332
386.802,19,18.096,13.5,1.8096,24,3979.133,1437.867,0,9.048,2556,1527,1633.767109
386.802,19,18.096,13.5,2.4128,18,3979.133,1437.867,0,4,1674,1137.6,1091.763696
386.802,19,18.096,13.5,2.4128,18,3979.133,1437.867,0,4,2556,1527,1183.219654
386.802,19,18.096,13.5,2.4128,24,3979.133,1437.867,0,4,1674,1137.6,1475.788383
386.802,19,18.096,13.5,2.4128,24,3979.133,1437.867,0,4,2556,1527,1563.566078
386.802,19,18.096,13.5,2.4128,18,3979.133,1437.867,0,9.048,1674,1137.6,1060.84657
386.802,19,18.096,13.5,2.4128,18,3979.133,1437.867,0,9.048,2556,1527,1140.917164
386.802,19,18.096,13.5,2.4128,24,3979.133,1437.867,0,9.048,1674,1137.6,1470.725351
386.802,19,18.096,13.5,2.4128,24,3979.133,1437.867,0,9.048,2556,1527,1575.864892
117.96875,12.5,14,9.4375,1.2,18,5029.933,1050,0.75,4,1674,1137.6,730.81778
117.96875,12.5,14,9.4375,1.2,18,5029.933,1050,0.75,4,2556,1527,918.4400454
117.96875,12.5,14,9.4375,1.2,24,5029.933,1050,0.75,4,1674,1137.6,977.6800709
117.96875,12.5,14,9.4375,1.2,24,5029.933,1050,0.75,4,2556,1527,1206.9903
117.96875,12.5,14,9.4375,1.2,18,5029.933,1050,0.75,7,1674,1137.6,819.521396
117.96875,12.5,14,9.4375,1.2,18,5029.933,1050,0.75,7,2556,1527,908.7378027
117.96875,12.5,14,9.4375,1.2,24,5029.933,1050,0.75,7,1674,1137.6,1113.904446
117.96875,12.5,14,9.4375,1.2,24,5029.933,1050,0.75,7,2556,1527,1214.826014
117.96875,12.5,14,9.4375,1.6,18,5029.933,1050,0.75,4,1674,1137.6,798.2939599
117.96875,12.5,14,9.4375,1.6,18,5029.933,1050,0.75,4,2556,1527,899.7647622
117.96875,12.5,14,9.4375,1.6,24,5029.933,1050,0.75,4,1674,1137.6,1124.452686
117.96875,12.5,14,9.4375,1.6,24,5029.933,1050,0.75,4,2556,1527,1226.362404
117.96875,12.5,14,9.4375,1.6,18,5029.933,1050,0.75,7,1674,1137.6,808.2004297
117.96875,12.5,14,9.4375,1.6,18,5029.933,1050,0.75,7,2556,1527,904.180371
258.9743059,15.312,18.48,12.813,1.584,18,5029.933,1050,0.75,4,1674,1137.6,821.2920962
258.9743059,15.312,18.48,12.813,1.584,18,5029.933,1050,0.75,4,2556,1527,1041.225825
258.9743059,15.312,18.48,12.813,1.584,24,5029.933,1050,0.75,4,1674,1137.6,1108.38005
258.9743059,15.312,18.48,12.813,1.584,24,5029.933,1050,0.75,4,2556,1527,1348.569805
258.9743059,15.312,18.48,12.813,1.584,18,5029.933,1050,0.75,9.24,1674,1137.6,960.0984264
258.9743059,15.312,18.48,12.813,1.584,18,5029.933,1050,0.75,9.24,2556,1527,1030.691965
258.9743059,15.312,18.48,12.813,1.584,24,5029.933,1050,0.75,9.24,1674,1137.6,1283.836778
258.9743059,15.312,18.48,12.813,1.584,24,5029.933,1050,0.75,9.24,2556,1527,1369.362113
258.9743059,15.312,18.48,12.813,2.112,18,5029.933,1050,0.75,4,1674,1137.6,927.2790567
258.9743059,15.312,18.48,12.813,2.112,18,5029.933,1050,0.75,4,2556,1527,1039.450734
258.9743059,15.312,18.48,12.813,2.112,24,5029.933,1050,0.75,4,1674,1137.6,1272.135514
258.9743059,15.312,18.48,12.813,2.112,24,5029.933,1050,0.75,4,2556,1527,1367.72171
258.9743059,15.312,18.48,12.813,2.112,18,5029.933,1050,0.75,9.24,1674,1137.6,942.4723251
258.9743059,15.312,18.48,12.813,2.112,18,5029.933,1050,0.75,9.24,2556,1527,1037.6055
258.9743059,15.312,18.48,12.813,2.112,24,5029.933,1050,0.75,9.24,1674,1137.6,1281.881116
258.9743059,15.312,18.48,12.813,2.112,24,5029.933,1050,0.75,9.24,2556,1527,1382.302352
386.802,19,21.112,13.5,1.8096,18,5029.933,1050,0.75,4,1674,1137.6,746.9962892
386.802,19,21.112,13.5,1.8096,18,5029.933,1050,0.75,4,2556,1527,751.6328651
386.802,19,21.112,13.5,1.8096,24,5029.933,1050,0.75,4,1674,1137.6,1104.568725
386.802,19,21.112,13.5,1.8096,24,5029.933,1050,0.75,4,2556,1527,1081.402092
386.802,19,21.112,13.5,1.8096,18,5029.933,1050,0.75,10.556,1674,1137.6,1062.149857
386.802,19,21.112,13.5,1.8096,18,5029.933,1050,0.75,10.556,2556,1527,1110.691367
386.802,19,21.112,13.5,1.8096,24,5029.933,1050,0.75,10.556,1674,1137.6,1428.48238
386.802,19,21.112,13.5,1.8096,24,5029.933,1050,0.75,10.556,2556,1527,1549.15344
386.802,19,21.112,13.5,2.4128,18,5029.933,1050,0.75,4,1674,1137.6,965.9891247
386.802,19,21.112,13.5,2.4128,18,5029.933,1050,0.75,4,2556,1527,1054.690106
386.802,19,21.112,13.5,2.4128,24,5029.933,1050,0.75,4,1674,1137.6,1362.326294
386.802,19,21.112,13.5,2.4128,24,5029.933,1050,0.75,4,2556,1527,1433.865831
386.802,19,21.112,13.5,2.4128,18,5029.933,1050,0.75,10.556,1674,1137.6,1018.279061
386.802,19,21.112,13.5,2.4128,18,5029.933,1050,0.75,10.556,2556,1527,1075.535323
386.802,19,21.112,13.5,2.4128,24,5029.933,1050,0.75,10.556,1674,1137.6,1400.593221
386.802,19,21.112,13.5,2.4128,24,5029.933,1050,0.75,10.556,2556,1527,1527.904599
117.96875,12.5,14,9.4375,1.2,18,5029.933,1050,0,4,1674,1137.6,734.9432118
117.96875,12.5,14,9.4375,1.2,18,5029.933,1050,0,4,2556,1527,842.8248028
117.96875,12.5,14,9.4375,1.2,18,5029.933,1050,0,7,1674,1137.6,920.8578398
117.96875,12.5,14,9.4375,1.2,18,5029.933,1050,0,7,2556,1527,984.4756035
117.96875,12.5,14,9.4375,1.6,18,5029.933,1050,0,4,1674,1137.6,908.9874746
117.96875,12.5,14,9.4375,1.6,18,5029.933,1050,0,4,2556,1527,990.1477497
117.96875,12.5,14,9.4375,1.6,24,5029.933,1050,0,4,2556,1527,1302.428197
117.96875,12.5,14,9.4375,1.6,24,5029.933,1050,0,7,1674,1137.6,1198.073682
258.9743059,15.312,18.48,12.813,1.584,18,5029.933,1050,0,4,1674,1137.6,839.3609549
258.9743059,15.312,18.48,12.813,1.584,18,5029.933,1050,0,4,2556,1527,972.9713761
258.9743059,15.312,18.48,12.813,1.584,24,5029.933,1050,0,4,1674,1137.6,1158.545498
258.9743059,15.312,18.48,12.813,1.584,24,5029.933,1050,0,4,2556,1527,1312.721771
258.9743059,15.312,18.48,12.813,1.584,18,5029.933,1050,0,9.24,1674,1137.6,1048.119053
258.9743059,15.312,18.48,12.813,1.584,18,5029.933,1050,0,9.24,2556,1527,1117.142332
258.9743059,15.312,18.48,12.813,1.584,24,5029.933,1050,0,9.24,1674,1137.6,1386.840903
258.9743059,15.312,18.48,12.813,1.584,24,5029.933,1050,0,9.24,2556,1527,1474.224205
258.9743059,15.312,18.48,12.813,2.112,18,5029.933,1050,0,4,1674,1137.6,1038.812861
258.9743059,15.312,18.48,12.813,2.112,18,5029.933,1050,0,4,2556,1527,1148.302747
258.9743059,15.312,18.48,12.813,2.112,24,5029.933,1050,0,4,1674,1137.6,1353.617031
258.9743059,15.312,18.48,12.813,2.112,24,5029.933,1050,0,4,2556,1527,1503.673526
258.9743059,15.312,18.48,12.813,2.112,18,5029.933,1050,0,9.24,1674,1137.6,1012.144454
258.9743059,15.312,18.48,12.813,2.112,18,5029.933,1050,0,9.24,2556,1527,1091.258232
258.9743059,15.312,18.48,12.813,2.112,24,5029.933,1050,0,9.24,1674,1137.6,1387.098863
258.9743059,15.312,18.48,12.813,2.112,24,5029.933,1050,0,9.24,2556,1527,1444.803096
386.802,19,21.112,13.5,1.8096,18,5029.933,1050,0,4,1674,1137.6,892.1176886
386.802,19,21.112,13.5,1.8096,18,5029.933,1050,0,4,2556,1527,1025.543312
386.802,19,21.112,13.5,1.8096,24,5029.933,1050,0,4,1674,1137.6,1220.358093
386.802,19,21.112,13.5,1.8096,24,5029.933,1050,0,4,2556,1527,1388.749914
386.802,19,21.112,13.5,1.8096,18,5029.933,1050,0,10.556,1674,1137.6,1110.830117
386.802,19,21.112,13.5,1.8096,18,5029.933,1050,0,10.556,2556,1527,1196.154792
386.802,19,21.112,13.5,1.8096,24,5029.933,1050,0,10.556,1674,1137.6,1496.238253
386.802,19,21.112,13.5,1.8096,24,5029.933,1050,0,10.556,2556,1527,1606.149108
386.802,19,21.112,13.5,2.4128,18,5029.933,1050,0,4,1674,1137.6,1079.15488
386.802,19,21.112,13.5,2.4128,18,5029.933,1050,0,4,2556,1527,1171.845233
386.802,19,21.112,13.5,2.4128,24,5029.933,1050,0,4,1674,1137.6,1433.822362
386.802,19,21.112,13.5,2.4128,24,5029.933,1050,0,4,2556,1527,1540.930458
386.802,19,21.112,13.5,2.4128,18,5029.933,1050,0,10.556,1674,1137.6,1085.126479
386.802,19,21.112,13.5,2.4128,18,5029.933,1050,0,10.556,2556,1527,1165.980001
386.802,19,21.112,13.5,2.4128,24,5029.933,1050,0,10.556,1674,1137.6,1487.368946
386.802,19,21.112,13.5,2.4128,24,5029.933,1050,0,10.556,2556,1527,1551.7787
117.96875,12.5,14,9.4375,1.2,18,3979.133,1437.867,0.75,4,1674,1137.6,780.498209
117.96875,12.5,14,9.4375,1.2,18,3979.133,1437.867,0.75,4,2556,1527,969.0439146
117.96875,12.5,14,9.4375,1.2,24,3979.133,1437.867,0.75,4,1674,1137.6,1069.047805
117.96875,12.5,14,9.4375,1.2,24,3979.133,1437.867,0.75,4,2556,1527,1271.570088
117.96875,12.5,14,9.4375,1.2,18,3979.133,1437.867,0.75,7,1674,1137.6,862.3493217
117.96875,12.5,14,9.4375,1.2,18,3979.133,1437.867,0.75,7,2556,1527,955.5306764
117.96875,12.5,14,9.4375,1.2,24,3979.133,1437.867,0.75,7,1674,1137.6,1219.93021
117.96875,12.5,14,9.4375,1.2,24,3979.133,1437.867,0.75,7,2556,1527,1326.159817
117.96875,12.5,14,9.4375,1.6,18,3979.133,1437.867,0.75,4,1674,1137.6,843.1021916
117.96875,12.5,14,9.4375,1.6,18,3979.133,1437.867,0.75,4,2556,1527,969.307692
117.96875,12.5,14,9.4375,1.6,24,3979.133,1437.867,0.75,4,1674,1137.6,1185.542995
117.96875,12.5,14,9.4375,1.6,24,3979.133,1437.867,0.75,4,2556,1527,1319.369883
117.96875,12.5,14,9.4375,1.6,18,3979.133,1437.867,0.75,7,1674,1137.6,871.2074879
117.96875,12.5,14,9.4375,1.6,18,3979.133,1437.867,0.75,7,2556,1527,970.7983688
117.96875,12.5,14,9.4375,1.6,24,3979.133,1437.867,0.75,7,1674,1137.6,1233.861233
117.96875,12.5,14,9.4375,1.6,24,3979.133,1437.867,0.75,7,2556,1527,1322.198985
258.9743059,15.312,18.48,12.813,1.584,18,3979.133,1437.867,0.75,4,1674,1137.6,891.0911194
258.9743059,15.312,18.48,12.813,1.584,18,3979.133,1437.867,0.75,4,2556,1527,1124.175736
258.9743059,15.312,18.48,12.813,1.584,24,3979.133,1437.867,0.75,4,1674,1137.6,1187.566056
258.9743059,15.312,18.48,12.813,1.584,24,3979.133,1437.867,0.75,4,2556,1527,1456.906119
258.9743059,15.312,18.48,12.813,1.584,18,3979.133,1437.867,0.75,9.24,1674,1137.6,1007.299425
258.9743059,15.312,18.48,12.813,1.584,18,3979.133,1437.867,0.75,9.24,2556,1527,1091.381613
258.9743059,15.312,18.48,12.813,1.584,24,3979.133,1437.867,0.75,9.24,1674,1137.6,1432.030366
258.9743059,15.312,18.48,12.813,1.584,24,3979.133,1437.867,0.75,9.24,2556,1527,1488.229213
258.9743059,15.312,18.48,12.813,2.112,18,3979.133,1437.867,0.75,4,1674,1137.6,956.6345237
258.9743059,15.312,18.48,12.813,2.112,18,3979.133,1437.867,0.75,4,2556,1527,1063.053484
258.9743059,15.312,18.48,12.813,2.112,24,3979.133,1437.867,0.75,4,1674,1137.6,1341.059011
258.9743059,15.312,18.48,12.813,2.112,24,3979.133,1437.867,0.75,4,2556,1527,1455.070984
258.9743059,15.312,18.48,12.813,2.112,18,3979.133,1437.867,0.75,9.24,1674,1137.6,989.9656412
258.9743059,15.312,18.48,12.813,2.112,18,3979.133,1437.867,0.75,9.24,2556,1527,1075.833349
258.9743059,15.312,18.48,12.813,2.112,24,3979.133,1437.867,0.75,9.24,1674,1137.6,1378.760952
258.9743059,15.312,18.48,12.813,2.112,24,3979.133,1437.867,0.75,9.24,2556,1527,1471.690165
386.802,19,21.112,13.5,1.8096,18,3979.133,1437.867,0.75,4,1674,1137.6,781.1084205
386.802,19,21.112,13.5,1.8096,18,3979.133,1437.867,0.75,4,2556,1527,760.0216546
386.802,19,21.112,13.5,1.8096,24,3979.133,1437.867,0.75,4,1674,1137.6,1158.762293
386.802,19,21.112,13.5,1.8096,24,3979.133,1437.867,0.75,4,2556,1527,1150.97905
386.802,19,21.112,13.5,1.8096,18,3979.133,1437.867,0.75,10.556,1674,1137.6,1117.037721
386.802,19,21.112,13.5,1.8096,18,3979.133,1437.867,0.75,10.556,2556,1527,1184.945736
386.802,19,21.112,13.5,1.8096,24,3979.133,1437.867,0.75,10.556,1674,1137.6,1545.469449
386.802,19,21.112,13.5,1.8096,24,3979.133,1437.867,0.75,10.556,2556,1527,1648.577526
386.802,19,21.112,13.5,2.4128,18,3979.133,1437.867,0.75,4,1674,1137.6,1037.326465
386.802,19,21.112,13.5,2.4128,18,3979.133,1437.867,0.75,4,2556,1527,1112.497084
386.802,19,21.112,13.5,2.4128,24,3979.133,1437.867,0.75,4,1674,1137.6,1447.262383
386.802,19,21.112,13.5,2.4128,24,3979.133,1437.867,0.75,4,2556,1527,1553.097697
386.802,19,21.112,13.5,2.4128,18,3979.133,1437.867,0.75,10.556,1674,1137.6,1024.810268
386.802,19,21.112,13.5,2.4128,18,3979.133,1437.867,0.75,10.556,2556,1527,1129.459187
386.802,19,21.112,13.5,2.4128,24,3979.133,1437.867,0.75,10.556,1674,1137.6,1470.553167
386.802,19,21.112,13.5,2.4128,24,3979.133,1437.867,0.75,10.556,2556,1527,1593.425775
117.96875,12.5,14,9.4375,1.2,18,3979.133,1437.867,0,4,1674,1137.6,753.5492301
117.96875,12.5,14,9.4375,1.2,18,3979.133,1437.867,0,4,2556,1527,863.5482847
117.96875,12.5,14,9.4375,1.2,24,3979.133,1437.867,0,4,1674,1137.6,1042.06864
117.96875,12.5,14,9.4375,1.2,24,3979.133,1437.867,0,4,2556,1527,1195.058958
117.96875,12.5,14,9.4375,1.2,18,3979.133,1437.867,0,7,1674,1137.6,981.0992972
117.96875,12.5,14,9.4375,1.2,18,3979.133,1437.867,0,7,2556,1527,1033.68232
117.96875,12.5,14,9.4375,1.2,24,3979.133,1437.867,0,7,1674,1137.6,1294.430134
117.96875,12.5,14,9.4375,1.2,24,3979.133,1437.867,0,7,2556,1527,1378.466987
117.96875,12.5,14,9.4375,1.6,18,3979.133,1437.867,0,4,1674,1137.6,925.0325034
117.96875,12.5,14,9.4375,1.6,18,3979.133,1437.867,0,4,2556,1527,1040.52198
117.96875,12.5,14,9.4375,1.6,24,3979.133,1437.867,0,4,1674,1137.6,1302.041148
117.96875,12.5,14,9.4375,1.6,24,3979.133,1437.867,0,4,2556,1527,1398.030859
117.96875,12.5,14,9.4375,1.6,18,3979.133,1437.867,0,7,1674,1137.6,949.0743331
117.96875,12.5,14,9.4375,1.6,18,3979.133,1437.867,0,7,2556,1527,1032.49384
117.96875,12.5,14,9.4375,1.6,24,3979.133,1437.867,0,7,1674,1137.6,1308.103856
117.96875,12.5,14,9.4375,1.6,24,3979.133,1437.867,0,7,2556,1527,1370.599551
258.9743059,15.312,18.48,12.813,1.584,18,3979.133,1437.867,0,4,1674,1137.6,894.8293375
258.9743059,15.312,18.48,12.813,1.584,18,3979.133,1437.867,0,4,2556,1527,1022.097631
258.9743059,15.312,18.48,12.813,1.584,24,3979.133,1437.867,0,4,1674,1137.6,1183.181842
258.9743059,15.312,18.48,12.813,1.584,24,3979.133,1437.867,0,4,2556,1527,1399.434927
258.9743059,15.312,18.48,12.813,1.584,18,3979.133,1437.867,0,9.24,1674,1137.6,1087.174238
258.9743059,15.312,18.48,12.813,1.584,18,3979.133,1437.867,0,9.24,2556,1527,1169.147196
258.9743059,15.312,18.48,12.813,1.584,24,3979.133,1437.867,0,9.24,1674,1137.6,1473.834522
258.9743059,15.312,18.48,12.813,1.584,24,3979.133,1437.867,0,9.24,2556,1527,1570.349921
258.9743059,15.312,18.48,12.813,2.112,18,3979.133,1437.867,0,4,1674,1137.6,1078.89681
258.9743059,15.312,18.48,12.813,2.112,18,3979.133,1437.867,0,4,2556,1527,1177.142734
258.9743059,15.312,18.48,12.813,2.112,24,3979.133,1437.867,0,4,1674,1137.6,1467.178507
258.9743059,15.312,18.48,12.813,2.112,24,3979.133,1437.867,0,4,2556,1527,1570.362545
258.9743059,15.312,18.48,12.813,2.112,18,3979.133,1437.867,0,9.24,1674,1137.6,1050.576914
258.9743059,15.312,18.48,12.813,2.112,18,3979.133,1437.867,0,9.24,2556,1527,1133.813873
258.9743059,15.312,18.48,12.813,2.112,24,3979.133,1437.867,0,9.24,1674,1137.6,1510.212416
258.9743059,15.312,18.48,12.813,2.112,24,3979.133,1437.867,0,9.24,2556,1527,1528.311407
386.802,19,21.112,13.5,1.8096,18,3979.133,1437.867,0,4,1674,1137.6,930.8606328
386.802,19,21.112,13.5,1.8096,18,3979.133,1437.867,0,4,2556,1527,1072.799305
386.802,19,21.112,13.5,1.8096,24,3979.133,1437.867,0,4,1674,1137.6,1286.118458
386.802,19,21.112,13.5,1.8096,24,3979.133,1437.867,0,4,2556,1527,1465.523614
386.802,19,21.112,13.5,1.8096,18,3979.133,1437.867,0,10.556,1674,1137.6,1163.69931
386.802,19,21.112,13.5,1.8096,18,3979.133,1437.867,0,10.556,2556,1527,1262.311865
386.802,19,21.112,13.5,1.8096,24,3979.133,1437.867,0,10.556,1674,1137.6,1603.519018
386.802,19,21.112,13.5,1.8096,24,3979.133,1437.867,0,10.556,2556,1527,1708.080999
386.802,19,21.112,13.5,2.4128,18,3979.133,1437.867,0,4,1674,1137.6,1141.423899
386.802,19,21.112,13.5,2.4128,18,3979.133,1437.867,0,4,2556,1527,1237.039843
386.802,19,21.112,13.5,2.4128,24,3979.133,1437.867,0,4,1674,1137.6,1542.916418
386.802,19,21.112,13.5,2.4128,24,3979.133,1437.867,0,4,2556,1527,1634.686788
386.802,19,21.112,13.5,2.4128,18,3979.133,1437.867,0,10.556,1674,1137.6,1109.10047
386.802,19,21.112,13.5,2.4128,18,3979.133,1437.867,0,10.556,2556,1527,1192.813173
386.802,19,21.112,13.5,2.4128,24,3979.133,1437.867,0,10.556,1674,1137.6,1537.623088
386.802,19,21.112,13.5,2.4128,24,3979.133,1437.867,0,10.556,2556,1527,1647.545029
117.96875,12.5,16,9.4375,1.2,18,5029.933,1050,0.75,4,1674,1137.6,1117.725869
117.96875,12.5,16,9.4375,1.2,18,5029.933,1050,0.75,4,2556,1527,1199.548771
117.96875,12.5,16,9.4375,1.2,24,5029.933,1050,0.75,4,1674,1137.6,1508.710433
117.96875,12.5,16,9.4375,1.2,24,5029.933,1050,0.75,4,2556,1527,1576.905058
117.96875,12.5,16,9.4375,1.6,18,5029.933,1050,0.75,4,1674,1137.6,1052.398547
117.96875,12.5,16,9.4375,1.6,18,5029.933,1050,0.75,4,2556,1527,1175.993442
117.96875,12.5,16,9.4375,1.6,18,5029.933,1050,0.75,8,1674,1137.6,1035.654997
258.9743059,15.312,21.12,12.813,1.584,18,5029.933,1050,0.75,4,1674,1137.6,1188.454974
258.9743059,15.312,21.12,12.813,1.584,18,5029.933,1050,0.75,4,2556,1527,1355.411771
258.9743059,15.312,21.12,12.813,1.584,24,5029.933,1050,0.75,4,1674,1137.6,1706.342681
258.9743059,15.312,21.12,12.813,2.112,18,5029.933,1050,0.75,4,1674,1137.6,1066.537584
258.9743059,15.312,21.12,12.813,2.112,18,5029.933,1050,0.75,4,2556,1527,1199.417267
258.9743059,15.312,21.12,12.813,2.112,18,5029.933,1050,0.75,10.56,1674,1137.6,1145.261569
386.802,19,24.128,13.5,1.8096,18,5029.933,1050,0.75,4,1674,1137.6,1080.286389
386.802,19,24.128,13.5,1.8096,18,5029.933,1050,0.75,4,2556,1527,1227.757251
386.802,19,24.128,13.5,1.8096,24,5029.933,1050,0.75,4,2556,1527,1689.407472
386.802,19,24.128,13.5,2.4128,18,5029.933,1050,0.75,4,1674,1137.6,1118.26956
386.802,19,24.128,13.5,2.4128,18,5029.933,1050,0.75,4,2556,1527,1215.960597
386.802,19,24.128,13.5,2.4128,18,5029.933,1050,0.75,12.064,1674,1137.6,1212.183849
117.96875,12.5,16,9.4375,1.2,18,5029.933,1050,0,4,1674,1137.6,1123.579356
117.96875,12.5,16,9.4375,1.2,18,5029.933,1050,0,4,2556,1527,1226.233863
117.96875,12.5,16,9.4375,1.6,24,5029.933,1050,0,4,2556,1527,1573.626666
258.9743059,15.312,21.12,12.813,1.584,18,5029.933,1050,0,4,1674,1137.6,1291.347463
258.9743059,15.312,21.12,12.813,1.584,18,5029.933,1050,0,4,2556,1527,1369.915135
258.9743059,15.312,21.12,12.813,2.112,24,5029.933,1050,0,4,2556,1527,1636.588993
386.802,19,24.128,13.5,1.8096,18,5029.933,1050,0,4,1674,1137.6,1220.345031
386.802,19,24.128,13.5,1.8096,18,5029.933,1050,0,4,2556,1527,1275.02499
386.802,19,24.128,13.5,1.8096,24,5029.933,1050,0,12.064,2556,1527,1737.050515
117.96875,12.5,16,9.4375,1.2,24,3979.133,1437.867,0.75,8,2556,1527,1668.225152
258.9743059,15.312,21.12,12.813,1.584,18,3979.133,1437.867,0.75,4,1674,1137.6,1264.85842
258.9743059,15.312,21.12,12.813,1.584,24,3979.133,1437.867,0.75,10.56,2556,1527,1663.264535
386.802,19,24.128,13.5,1.8096,18,3979.133,1437.867,0.75,4,2556,1527,1284.639966
386.802,19,24.128,13.5,1.8096,24,3979.133,1437.867,0.75,12.064,2556,1527,1755.774097
117.96875,12.5,16,9.4375,1.2,18,3979.133,1437.867,0,4,1674,1137.6,1194.282554
117.96875,12.5,16,9.4375,1.2,24,3979.133,1437.867,0,8,2556,1527,1806.943721
117.96875,12.5,16,9.4375,1.6,18,3979.133,1437.867,0,4,2556,1527,1273.48821
117.96875,12.5,16,9.4375,1.6,24,3979.133,1437.867,0,4,2556,1527,1758.583661
117.96875,12.5,16,9.4375,1.6,18,3979.133,1437.867,0,8,1674,1137.6,1271.006968
117.96875,12.5,16,9.4375,1.6,18,3979.133,1437.867,0,8,2556,1527,1338.381501
117.96875,12.5,16,9.4375,1.6,24,3979.133,1437.867,0,8,1674,1137.6,1680.130369
117.96875,12.5,16,9.4375,1.6,24,3979.133,1437.867,0,8,2556,1527,1789.94276
258.9743059,15.312,21.12,12.813,1.584,24,3979.133,1437.867,0,10.56,2556,1527,2035.154603
258.9743059,15.312,21.12,12.813,2.112,18,3979.133,1437.867,0,4,2556,1527,1304.68935
258.9743059,15.312,21.12,12.813,2.112,24,3979.133,1437.867,0,4,2556,1527,1785.727262
258.9743059,15.312,21.12,12.813,2.112,18,3979.133,1437.867,0,10.56,1674,1137.6,1253.052874
258.9743059,15.312,21.12,12.813,2.112,18,3979.133,1437.867,0,10.56,2556,1527,1371.572991
258.9743059,15.312,21.12,12.813,2.112,24,3979.133,1437.867,0,10.56,1674,1137.6,1745.61543
386.802,19,24.128,13.5,1.8096,18,3979.133,1437.867,0,12.064,2556,1527,1376.959735
386.802,19,24.128,13.5,1.8096,24,3979.133,1437.867,0,12.064,1674,1137.6,1732.621295
386.802,19,24.128,13.5,1.8096,24,3979.133,1437.867,0,12.064,2556,1527,1824.23173
386.802,19,24.128,13.5,2.4128,24,3979.133,1437.867,0,4,2556,1527,1869.846443
386.802,19,24.128,13.5,2.4128,24,3979.133,1437.867,0,12.064,2556,1527,1990.374802
